{
    "network": "Abilene",
    "traffic_matrix": 1,
    "config": {
        "n_particles": 200,
        "dimensions": 30,
        "options": {
            "c1": 2.0,
            "c2": 2.0,
            "w": 0.7,
            "k": 20,
            "p": 1
        },
        "iterations": 500,
        "runs": 2
    },
    "results": [
        {
            "run": 1,
            "best_cost": 69.77059156048222,
            "best_pos": [
                1,
                1,
                0,
                1,
                0,
                1,
                1,
                0,
                0,
                1,
                1,
                0,
                0,
                0,
                1,
                1,
                1,
                0,
                0,
                1,
                0,
                1,
                1,
                0,
                1,
                0,
                0,
                1,
                0,
                1
            ]
        },
        {
            "run": 2,
            "best_cost": 74.5172383337615,
            "best_pos": [
                1,
                1,
                1,
                0,
                1,
                1,
                1,
                1,
                0,
                1,
                0,
                0,
                1,
                1,
                1,
                0,
                0,
                0,
                1,
                0,
                1,
                1,
                0,
                1,
                0,
                0,
                0,
                1,
                0,
                1
            ]
        }
    ]
}