{
    "network": "Abilene",
    "traffic_matrix": 4,
    "config": {
        "n_particles": 200,
        "dimensions": 30,
        "options": {
            "c1": 2.0,
            "c2": 2.0,
            "w": 0.7,
            "k": 20,
            "p": 1
        },
        "iterations": 500,
        "runs": 2
    },
    "results": [
        {
            "run": 1,
            "best_cost": 95.94772923938663,
            "best_pos": [
                1,
                1,
                1,
                0,
                1,
                1,
                1,
                1,
                0,
                1,
                0,
                1,
                1,
                1,
                1,
                1,
                1,
                0,
                1,
                0,
                1,
                1,
                0,
                1,
                0,
                0,
                0,
                1,
                1,
                1
            ]
        },
        {
            "run": 2,
            "best_cost": 97.05461693559425,
            "best_pos": [
                1,
                1,
                0,
                1,
                1,
                1,
                1,
                1,
                0,
                1,
                0,
                0,
                1,
                1,
                1,
                1,
                1,
                1,
                1,
                0,
                1,
                1,
                0,
                1,
                0,
                0,
                0,
                1,
                1,
                1
            ]
        }
    ]
}